1790802567737,17:09:27,ModuleUserChange,NoModule
1790802567744,17:09:27,AnimationPauseTimeUserChange,2
1790802568997,17:09:28,GraderSettingsDisplayed
1790802568999,17:09:28,GraderSettingsStarted,NoModule,null,^,$,Automatic and then manual,Grading Status,All
1790818543576,21:35:43,ModuleUserChange,NoModule
1790818543579,21:35:43,AnimationPauseTimeUserChange,2
1790818544248,21:35:44,GraderSettingsDisplayed
1790818544248,21:35:44,GraderSettingsStarted,NoModule,null,^,$,Automatic and then manual,Grading Status,All
1790823876964,23:04:36,ModuleUserChange,NoModule
1790823876968,23:04:36,AnimationPauseTimeUserChange,2
1790823877645,23:04:37,GraderSettingsDisplayed
1790823877645,23:04:37,GraderSettingsStarted,NoModule,null,^,$,Automatic and then manual,Grading Status,All
